REF,name,vat,street,city,state,ZIP,email,phone,fax,website,Presidente Camara,dbname,in_directory
2552,Município Abrantes,PT502661038,Praça Raimundo Soares,Abrantes,Santarém,2200-366,municipe@cm-abrantes.pt,241330100,241330186,www.cm-abrantes.pt,Maria do Céu de Oliveira Antunes Albuquerque,abrantes.croa.pt,1
2553,Município Águeda,PT501090436,Praça do Município,Águeda,Aveiro,3754-500,geral@cm-agueda.pt,234610070,234610078,www.cm-agueda.pt,Gil Nadais Resende da Fonseca,agueda.croa.pt,1
2554,Município Aguiar Da Beira,PT506809307,"Avenida da Liberdade, N.º 21",Aguiar Da Beira,Guarda,3570-018,geral@cm-aguiardabeira.pt,232689100,232688894,www.cm-aguiardabeira.pt,Joaquim António Marques Bonifácio,aguiardabeira.croa.pt,1
2555,Município Alandroal,PT506772527,Praça da República,Alandroal,Évora,7250-116,cm-alandroal@mail.telepac.pt,268440040,268440041,www.cm-alandroal.pt, Mariana Rosa Gomes Chilra,alandroal.croa.pt,1
2556,Município Albergaria-a-Velha,PT506783146,Praça Ferreira Tavares,Albergaria-a-Velha,Aveiro,3850-053,geral@cm-albergaria.pt,234529300,234522225,www.cm-albergaria.pt,António Augusto Amaral Loureiro e Santos,albergaria.croa.pt,1
2557,Município Albufeira,PT503539473,Rua do Município,Albufeira,Faro,8200-863,geral@cm-albufeira.pt,289599500,289599511,www.cm-albufeira.pt,Carlos Eduardo da Silva e Sousa,albufeira.croa.pt,1
2558,Município Alcácer do Sal,PT502150319,Praça Pedro Nunes,Alcácer do Sal,Setúbal,7580-125,gab.financeiro@m-alcacerdosal.pt,265610040,265610042,www.cm-alcacerdosal.pt,Vítor Manuel Chaves de Caro Proença,alcacerdosal.croa.pt,1
2559,Município Alcanena,PT500745773,Praça 8 de Maio,Alcanena,Santarém,2380-037,geral@cm-alcanena.pt,249889010,249891357,www.cm-alcanena.pt,Fernanda Maria Pereira Asseiceira,alcanena.croa.pt,1
2560,Município Alcobaça,PT506874249,Praça João De Deus Ramos,Alcobaça,Leiria,2461-501,cmalcobaca@cm-alcobaca.pt,262580800,262580850,www.cm-alcobaca.pt,Paulo Jorge Marques Inácio,alcobaca.croa.pt,1
2561,Município Alcochete,PT506788490,Largo de S. João Batista,Alcochete,Setúbal,2890-108,geral@cm-alcochete.pt,212348600,212348690,www.cm-alcochete.pt,Luis Miguel Carraça Franco,alcochete.croa.pt,1
2562,Município Alcoutim,PT506772446,"Rua do Município, N.º 12",Alcoutim,Faro,8970-066,geral@cm-alcoutim.pt,281540500,281546363,www.cm-alcoutim.pt,Osvaldo dos Santos Gonçalves,alcoutim.croa.pt,1
2563,Município Alenquer,PT501305734,Praça Luís de Camões,Alenquer,Lisboa,2580-317,geral@cm-alenquer.pt,263730900,263711504,www.cm-alenquer.pt,Pedro Miguel Ferreira Folgado,alenquer.croa.pt,1
2564,Município Alfândega da Fé,PT506647498,Rua Camilo Mendonça,Alfândega da Fé,Bragança,5350-045,gabinetepresidencia.cmaf@gmail.com,279468120,279463132,www.cm-alfandegadafe.pt,Berta ferreira Milheiro Nunes,alfandegadafe.croa.pt,1
2565,Município Alijó,PT506859487,"Rua General Pedrosa, N.º 13",Alijó,Vila Real,5070-051,geral@cm-alijo.pt,259957100,259959738,www.cm-alijo.pt,Carlos Jorge Vilela da Rocha Magalhães,alijo.croa.pt,1
2566,Município Aljezur,PT505932512,Rua Capitão Salgueiro Maia,Aljezur,Faro,8670-005,geral@cm-aljezur.pt,282990010,282990011,www.cm-aljezur.pt,José Manuel Velhinho Amarelinho,aljezur.croa.pt,1
2567,Município Aljustrel,PT501122486,Avenida 1º de Maio,Aljustrel,Beja,7600-010,geral@mun-aljustrel.pt,284600070,284602055,www.mun-aljustrel.pt,Nelson Domingos Brito,aljustrel.croa.pt,1
2568,Município Almada,PT500051054,Largo Luís de Camões,Almada,Setúbal,2800-158,gab.presidencia@cm-almada.pt,212724534,212724555,www.cm-almada.pt,Joaquim Estêvão Miguel Judas,almada.croa.pt,1
2569,Município Almeida,PT506625419,"Praça da Liberdade, N.º 8",Almeida,Guarda,6350-130,camara@cm-almeida.pt,271570020,271570021,www.cm-almeida.pt,António Baptista Ribeiro,almeida.croa.pt,1
2570,Município Almeirim,PT501273433,Rua 5 de Outubro,Almeirim,Santarém,2080-052,geral@cm-almeirim.pt,243594100,243594138,www.cm-almeirim.pt,Pedro Miguel César Ribeiro,almeirim.croa.pt,1
2571,Município Almodôvar,PT506816184,"Rua Serpa Pinto, N.º 10",Almodôvar,Beja,7700-081,geral@cm-almodovar.pt,286660600,286662282,www.cm-almodovar.pt,António Manuel Ascenção Mestre Bota,almodôvar.croa.pt,1
2572,Município Alpiarça,PT501133097,"Rua José Relvas, N.º 374,   Apartado 25",Alpiarça,Santarém,2094-909,gap@cm-alpiarca.pt,243559100,243559105,www.cm-alpiarca.pt,Mário Fernando Atracado Pereira,alpiarca.croa.pt,1
2573,Município Alter do Chão,PT501132872,"Largo do Município, N.º 2",Alter do Chão,Portalegre,7440-026,geral@cm-alter-chao.pt,245610000,245612431,www.cm-alter-chao.pt,Joviano Martins Vitorino,alterdochao.croa.pt,1
2574,Município Alvaiázere,PT506605949,Praça do Município,Alvaiázere,Leiria,3250-100,geral@cm-alvaiazere.pt,236650600,236650609,www.cm-alvaiazere.pt,Paulo Tito Delgado Morgado,alvaiazere.croa.pt,1
2575,Município Alvito,PT501288120,"Largo do Relógio, N.º 1",Alvito,Beja,7920-022,geral@cm-alvito.pt,284480800,284485157,www.cm-alvito.pt,António João Feio Valério,alvito.croa.pt,1
2576,Município Amadora,PT505456010,Av. Movimento das Forças Armadas,Amadora,Lisboa,2700-595,geral@cm-amadora.pt,214369000,214922082,www.cm-amadora.pt,Carla Maria Nunes Tavares,amadora.croa.pt,1
2577,Município Amarante,PT501102752,Alameda Teixeira de Pascoaes,Amarante,Porto,4600-011,contabilidade@cm-amarante.pt,255420200,255420201,www.cm-amarante.pt,José Luís Gaspar Jorge,amarante.croa.pt,1
2578,Município Amares,PT506797627,Largo do Município,Amares,Braga,4720-058,geral@municipioamares.pt,253993761,253992643,www.cm-amares.pt,Manuel da Rocha Moreira,amares.croa.pt,1
2579,Município Anadia,PT501294163,Praça do Município - Apartado 19,Anadia,Aveiro,3780-909,geral@cm-anadia.pt,231510730,231510749,www.cm-anadia.pt,Maria Teresa Belém Correia Cardoso,anadia.croa.pt,1
2580,Município Angra do Heroísmo,PT512044040,Praça Velha,Angra do Heroísmo,Açores,9701-857,angra@cm-ah.pt,295401700,295212107,www.cm-ah.pt,José Gabriel do Álamo de Meneses,ah.croa.pt,1
2581,Município Ansião,PT506605930,Praça do Município,Ansião,Leiria,3240-153,geral@cm-ansiao.pt,236670200,236677481,www.cm-ansiao.pt,Rui Alexandre Novo e Rocha,ansiao.croa.pt,1
2582,Município Arcos de Valdevez,PT505211696,Praça Municipal,Arcos de Valdevez,Viana do Castelo,4974-003,geral@cmav.pt,258520500,258520509,www.cmav.pt,João Manuel do Amaral Esteves,cmav.croa.pt,1
2583,Município Arganil,PT506833232,"Praça Simões Dias, Apartado 10",Arganil,Coimbra,3304-954,geral@cm-arganil.pt,235200150,235200158,www.cm-arganil.pt,Ricardo João Barata Pereira Alves,arganil.croa.pt,1
2584,Município Armamar,PT506843190,Praça da República,Armamar,Viseu,5110-127,geral@cm-armamar.pt,254241129,,www.cm-armamar.pt,João Paulo Soares Carvalho Pereira da Fonseca,armamar.croa.pt,1
2585,Município Arouca,PT506808122,Praça do Município,Arouca,Aveiro,4540-001,geral@cm-arouca.pt,256940220,256943045,www.cm-arouca.pt,José Artur Tavares Neves,arouca.croa.pt,1
2586,Município Arraiolos,PT501258027,"Praça do Município, N.º 27",Arraiolos,Évora,7040-027,geral@cm-arraiolos.pt,266490240,266490257,www.cm-arraiolos.pt,Sílvia Cristina Tirapicos Pinto,arraiolos.croa.pt,1
2587,Município Arronches,PT501155996,"Praça da República,  Apartado 8",Arronches,Portalegre,7340-012,geral@cm-arronches.pt,245580080,245580081,www.cm-arronches.pt,Fermelinda de Jesus Pombo Carvalho,arronches.croa.pt,1
2588,Município Arruda dos Vinhos,PT505307685,Largo Miguel Bombarda,Arruda dos Vinhos,Lisboa,2630-112,cm-arruda@cm-arruda.pt,263977000,263976586,www.cm-arruda.pt,André Filipe dos Santos Matos Rijo,arruda.croa.pt,1
2589,Município Aveiro,PT505931192,"Praça da República, Apartado 244",Aveiro,Aveiro,3810-156,geral@cm-aveiro.pt,234406300,234406301,www.cm-aveiro.pt,José Agostinho Ribau Esteves,aveiro.croa.pt,1
2590,Município Avis,PT502789824,Largo Cândido dos Reis - Apartado 25,Avis,Portalegre,7480-116,geral@cm-avis.pt,242410060,242410099,www.cm-avis.pt,Nuno Paulo Augusto da Silva,avis.croa.pt,1
2591,Município Azambuja,PT506821480,"Praça do Município, N.º 19",Azambuja,Lisboa,2050-315,geral@cm-azambuja.pt,263400400,263401271,www.cm-azambuja.pt,Luís Manuel Abreu de Sousa,azambuja.croa.pt,1
2592,Município Baião,PT506854299,Praça Heróis do Ultramar,Baião,Porto,4640-158,geral@cm-baiao.pt,255540500,255540510,www.cm-baiao.pt,José Luis Pereira Carneiro,baiao.croa.pt,1
2593,Município Barcelos,PT505584760,Largo do Município,Barcelos,Braga,4750-323,geral@cm-barcelos.pt,253809600,253821263,www.cm-barcelos.pt,Miguel Jorge da Costa Gomes,barcelos.croa.pt,1
2594,Município Barrancos,PT501081216,"Praça do Município, N.º 2",Barrancos,Beja,7230-030,geral@cm-barrancos.pt,285950630,285950638,www.cm-barrancos.pt,António Pica Tereno,barrancos.croa.pt,1
2595,Município Barreiro,PT506673626,Rua Miguel Bombarda,Barreiro,Setúbal,2830-355,geral@cm-barreiro.pt,212068000,212068001,www.cm-barreiro.pt,Carlos Humberto Palácios Pinheiro de Carvalho,barreiro.croa.pt,1
2596,Município Batalha,PT501290206,Rua Infante D. Fernando,Batalha,Leiria,2440-118,geral@cm-batalha.pt,244769110,244769111,www.cm-batalha.pt,Paulo Jorge Frazão Batista dos Santos,batalha.croa.pt,1
2597,Município Beja,PT504884620,Praça da República,Beja,Beja,7800-427,geral@cm-beja.pt,284311800,284322300,www.cm-beja.pt,João Manuel Rocha da Silva,beja.croa.pt,1
2598,Município Belmonte,PT506695956,"Rua Pedro Álvares Cabral, N.º 135",Belmonte,Castelo Branco,6250-088,cmbelmonte@mail.telepac.pt,275910010,275910019,www.cm-belmonte.pt,António Pinto Dias Rocha,belmonte.croa.pt,1
2599,Município Benavente,PT506676056,Praça do Município,Benavente,Santarém,2130-038,gap@cm-benavente.pt,263519600,263519648,www.cm-benavente.pt,Carlos António Pinto Coutinho,benavente.croa.pt,1
2600,Município Bombarral,PT506800580,Largo do Município,Bombarral,Leiria,2540-046,geral@cm-bombarral.pt,262609020,262609041,www.cm-bombarral.pt,José Manuel Gonçalves Vieira,bombarral.croa.pt,1
2601,Município Borba,PT503956546,Praça da República,Borba,Évora,7150-249,presidencia@cm-borba.pt,268891630,268894806,www.cm-borba.pt,António José Lopes Anselmo,borba.croa.pt,1
2602,Município Boticas,PT506886964,Praça do Município,Boticas,Vila Real,5460-304,municipio@cm-boticas.pt,276410200,276410201,www.cm-boticas.pt,Fernando Eirão Queiroga,boticas.croa.pt,1
2603,Município Braga,PT506901173,Praça do Município,Braga,Braga,4704-514,gab.presidencia@cm-braga.pt,253203150,253613387,www.cm-braga.pt,Ricardo Bruno Antunes Machado Rio,braga.croa.pt,1
2604,Município Bragança,PT506215547,Forte S. João de Deus,Bragança,Bragança,5301-902,cmb@cm-braganca.pt,273304200,273304299,www.cm-braganca.pt,Hernâni Dinis Venâncio Dias,braganca.croa.pt,1
2606,Município Cabeceiras de Basto,PT505330334,Praça da República N.º 467,Cabeceiras de Basto,Braga,4860-355,servicoatendimentounico@cabeceirasdebasto.pt,253669100,253662726,www.cm-cabeceiras-basto.pt,Serafim China Pereira,cabeceirasbasto.croa.pt,1
2607,Município Cadaval,PT505763621,Rua Dr. Francisco Sá Carneiro,Cadaval,Lisboa,2550-103,geral@cm-cadaval.pt,262690100,262695270,www.cm-cadaval.pt,José Bernardo Nunes,cadaval.croa.pt,1
2608,Município Caldas da Rainha,PT501222634,Praça 25 de Abril,Caldas da Rainha,Leiria,2500-110,geral@cm-caldas-rainha.pt,262839700,262839729,www.cm-caldas-rainha.pt,Fernando Manuel Tinta Ferreira,caldasdarainha.croa.pt,1
3500,Município Calheta (madeira),PT511233639,"Avenida Dom Manuel I, N.º 46",Calheta (Madeira),Madeira,9370-135,camara@cmcalheta.pt,291820200,291823235,www.cm-calheta-madeira.com,Carlos Manuel Figueira de Ornelas Teles,calhetamadeira.croa.pt,1
2609,Município Calheta (São Jorge),PT512074089,Rua 25 de Abril,Calheta (São Jorge),Açores,9850-032,scrf@cm-calheta.pt,295416324,295416437,www.cm-calheta.pt,Décio Natálio Almada Pereira,calhetasaojorge.croa.pt,1
2605,Município Câmara de Lobos,PT511233620,Praça da Autonomia,Câmara de Lobos,Madeira,9304-001,geral@cm-camaradelobos.pt,291911080,291944499,www.cm-camaradelobos.pt,Pedro Emanuel Abreu Coelho,camaradelobos.croa.pt,1
2610,Município Caminha,PT500843139,Praça Conselheiro Silva Torres,Caminha,Viana do Castelo,4910-122,geral@cm-caminha.pt,258710300,258710319,www.cm-caminha.pt,Luís Miguel da Silva Mendonça Alves,caminha.croa.pt,1
2611,Município Campo Maior,PT501175229,Praça da República,Campo Maior,Portalegre,7370-954,geral@cm-campo-maior.pt,268680300,268688937,www.cm-campo-maior.pt,Ricardo Miguel Furtado Pinheiro,campomaior.croa.pt,1
2612,Município Cantanhede,PT506087000,Praça Marquês de Marialva - Apartado 154,Cantanhede,Coimbra,3064-909,geral@cm-cantanhede.pt,231410100,231410199,www.cm-cantanhede.pt,João Carlos Vidaurre Pais de Moura,cantanhede.croa.pt,1
2613,Município Carrazeda de Ansiães,PT506666018,Rua Jerónimo Barbosa,Carrazeda de Ansiães,Bragança,5140-077,geral@cmca.pt,278610200,278616404,www.cm-carrazedadeansiaes.pt,José Luís Correia,carrazedadeansiaes.croa.pt,1
2614,Município Carregal do Sal,PT506684920,Praça do Município,Carregal do Sal,Viseu,3430-909,geral@cm-carregal.pt,232960400,232960409,www.cm-csal.pt,Rogério Mota Abrantes,carregaldosal.croa.pt,1
2615,Município Cartaxo,PT506780902,Praça 15 de Dezembro,Cartaxo,Santarém,2070-050,correio@cm-cartaxo.pt,243700250,243700268,www.cm-cartaxo.pt,Pedro Miguel Magalhães Ribeiro,cartaxo.croa.pt,1
2616,Município Cascais,PT505187531,Praça 5 de Outubro,Cascais,Lisboa,2754-501,gab.municipe@cm-cascais.pt,214825000,214825030,www.cm-cascais.pt,Carlos Manuel Lavrador de Jesus Carreiras,cascais.croa.pt,1
2617,Município Castanheira de Pêra,PT506731324,Praça Visconde de Castanheira de Pêra,Castanheira de Pêra,Leiria,3280-017,camara@cm-castanheiradepera.pt,236430280,236432307,www.cm-castanheiradepera.pt,Fernando José Pires Lopes,castanheiradepera.croa.pt,1
2618,Município Castelo Branco,PT501143530,Praça do Município,Castelo Branco,Castelo Branco,6000-148,camara@cm-castelobranco.pt,272330330,272330324,www.cm-castelobranco.pt,Luís Manuel dos Santos Correia,castelobranco.croa.pt,1
2619,Município Castelo de Paiva,PT502678917,Largo do Conde Sobrado,Castelo de Paiva,Aveiro,4550-102,gap.presidente@cm-castelo-paiva.pt,255689500,255699660,www.cm-castelo-paiva.pt,Gonçalo Fernando da Rocha de Jesus,castelodepaiva.croa.pt,1
2620,Município Castelo de Vide,PT506796035,Rua Bartolomeu Álvares da Santa,Castelo de Vide,Portalegre,7320-117,cm.castvide@mail.telepac.pt,245908220,245901827,www.cm-castelo-vide.pt,António Manuel das Neves Nobre Pita,castelodevide.croa.pt,1
2621,Município Castro Daire,PT506716210,Rua Dr. Pio Figueiredo N.º 42,Castro Daire,Viseu,3600-214,geral@cm-castrodaire.pt,232382214,232382923,www.cm-castrodaire.pt,José Fernando Carneiro Pereira,castrodaire.croa.pt,1
2622,Município Castro Marim,PT506801969,"Rua Dr. José Alves Moreira, N.º 10",Castro Marim,Faro,8950-138,expediente@cm-castromarim.pt,281510740,281510743,www.cm-castromarim.pt,Francisco Augusto Caimoto Amaral,castromarim.croa.pt,1
2623,Município Castro Verde,PT501135960,Praça do Município,Castro Verde,Beja,7780-217,geral@cm-castroverde.pt,286320700,286320709,www.cm-castroverde.pt,Francisco José Caldeira Duarte,castroverde.croa.pt,1
2624,Município Celorico da Beira,PT506849635,Rua Sacadura Cabral,Celorico da Beira,Guarda,6360-350,recursosfinanceiros@cm-celoricodabeira.pt,271747400,271747409,www.cm-celoricodabeira.pt,José Francisco Gomes Monteiro,celoricodabeira.croa.pt,1
2625,Município Celorico de Basto,PT506884929,Praça Cardeal D. António Ribeiro,Celorico de Basto,Braga,4890-220,geral@mun-celoricodebasto.pt,255320300,255323937,www.mun-celoricodebasto.pt,Joaquim Monteiro da Mota e Silva,celoricodebasto.croa.pt,1
2626,Município Chamusca,PT501305564,Rua Direita de São Pedro,Chamusca,Santarém,2140-098,contab.cmc@mail.telepac.pt,249769100,249760211,www.cm-chamusca.pt,Paulo Jorge Mira Lucas Cegonho Queimado,chamusca.croa.pt,1
2627,Município Chaves,PT501205551,Largo de Camões,Chaves,Vila Real,5400-150,municipio@chaves.pt,276340500,276327724,www.cm-chaves.pt,António Cândido Monteiro Cabeleira,chaves.croa.pt,1
2628,Município Cinfães,PT506693651,Largo Paços do Concelho,Cinfães,Viseu,4690-031,daf@cm-cinfaes.pt,255560560,255560569,www.cm-cinfaes.pt,Armando da Silva Mourisco,cinfaes.croa.pt,1
2629,Município Coimbra,PT506415082,Praça 8 de Maio,Coimbra,Coimbra,3000-300,geral@cm-coimbra.pt,239857500,239820114,www.cm-coimbra.pt,Manuel Augusto Soares Machado,coimbra.croa.pt,1
2630,Município Condeixa-a-Nova,PT501275380,Largo Artur Barreto,Condeixa-a-Nova,Coimbra,3150-128,geral@cm-condeixa.pt,239949120,239942711,www.cm-condeixa.pt,Nuno Moita da Costa,condeixa.croa.pt,1
2631,Município Constância,PT506826546,"Estrada Nacional, N.º 3",Constância,Santarém,2250-028,geral@cm-constancia.pt,249730050,249739514,www.cm-constancia.pt,Júlia  Maria Gonçalves Lopes de Amorim,constancia.croa.pt,1
2632,Município Coruche,PT506722422,"Edifício Paços do Concelho,  Praça da Liberdade",Coruche,Santarém,2100-121,geral@cm-coruche.pt,243610200,243610201,www.cm-coruche.pt,Francisco Silvestre de Oliveira,coruche.croa.pt,1
2633,Município Corvo,PT512065837,Rua Jogo da Bola,Corvo,Açores,9980-024,geral@cm-corvo.pt,292590200,292596120,www.cm-corvo.pt,José Manuel Alves da Silva,corvo.croa.pt,1
2634,Município Covilhã,PT505330768,Praça do Município,Covilhã,Castelo Branco,6200-407,info@cm-covilha.pt,275330600,275330633,www.cm-covilha.pt,Vitor Manuel Pinheiro Pereira,covilha.croa.pt,1
2635,Município Crato,PT506659968,Praça do Município,Crato,Portalegre,7430-999,geral@cm-crato.pt,245990110,245996679,www.cm-crato.pt,José Correia da Luz,crato.croa.pt,1
2636,Município Cuba,PT500832935,Rua Serpa Pinto,Cuba,Beja,7940-172,geral@cm-cuba.pt,284419900,284415137,www.cm-cuba.pt,João Manuel Casaca Português,cuba.croa.pt,1
2637,Município Elvas,PT501272968,Rua Isabel Maria Picão - Apartado 70,Elvas,Portalegre,7350-953,presidente@cm-elvas.pt,268639740,268629060,www.cm-elvas.pt,Nuno Miguel Fernandes Mocinha,elvas.croa.pt,1
2638,Município Entroncamento,PT501120149,Largo José Duarte Coelho,Entroncamento,Santarém,2330-078,geral@cm-entroncamento.pt,249720400,249718615,www.cm-entroncamento.pt,Jorge Manuel Alves de Faria,entroncamento.croa.pt,1
2639,Município Espinho,PT501158740,Praça Dr. José Salvador - Apartado 700,Espinho,Aveiro,4500-901,geral@cm-espinho.pt,227335800,227335852,www.cm-espinho.pt,Joaquim José Pinto Moreira,espinho.croa.pt,1
2640,Município Esposende,PT506617599,Praça do Município,Esposende,Braga,4740-223,nuno.vicente@cm-esposende.pt,253960100,253960176,www.cm-esposende.pt,António Benjamim da Costa Pereira,esposende.croa.pt,1
2641,Município Estarreja,PT501190082,Praça Francisco Barbosa,Estarreja,Aveiro,3864-001,geral@cm-estarreja.pt,234840600,234840607,www.cm-estarreja.pt,Diamantino Manuel Sabina,estarreja.croa.pt,1
2642,Município Estremoz,PT506556590,Rossio Marquês de Pombal,Estremoz,Évora,7100-513,contabilidade@cm-estremoz.pt,268339200,268334010,www.cm-estremoz.pt,Luis Filipe Pereira Mourinha,estremoz.croa.pt,1
2643,Município Évora,PT504828576,Praça do Sertório,Évora,Évora,7004-506,cmevora@mail.evora.net,266777000,266702950,www.cm-evora.pt,Carlos Manuel Rodrigues Pinto de Sá,evora.croa.pt,1
2644,Município Fafe,PT506841561,Avenida 5 de Outubro,Fafe,Braga,4820-501,geral@cm-fafe.pt,253700400,253700409,www.cm-fafe.pt,Raul Jorge Fernandes da Cunha,fafe.croa.pt,1
2645,Município Faro,PT506579425,Largo da Sé,Faro,Faro,8004-001,geral@cm-faro.pt,289870870,289870039,www.cm-faro.pt,Rogério Conceição Bacalhau Coelho,faro.croa.pt,1
2647,Município Felgueiras,PT501091823,Praça da República,Felgueiras,Porto,4610-116,geral@cm-felgueiras.pt,255318000,255318170,www.cm-felgueiras.pt,José Inácio Cardoso Ribeiro,felgueiras.croa.pt,1
2648,Município Ferreira do Alentejo,PT501227490,"Praça Comendador Infante Passanha, N.º 5",Ferreira do Alentejo,Beja,7900-571,geral@cm-ferreira-alentejo.pt,284738700,284739250,www.cm-ferreira-alentejo.pt,Aníbal Sousa Reis Coelho da Costa,ferreiraalentejo.croa.pt,1
2649,Município Ferreira do Zêzere,PT501216839,Praça Dias Ferreira,Ferreira do Zêzere,Santarém,2240-340,geral@cm-ferreiradozezere.pt,249360150,249360169,www.cm-ferreiradozezere.pt,Jacinto Manuel Lopes Cristas Flores,ferreiradozezere.croa.pt,1
2652,Município Figueira Da Foz,PT501305580,Avenida Saraiva de Carvalho,Figueira Da Foz,Coimbra,3084-501,municipe@cm-figfoz.pt,233403300,233403310,www.figueiradigital.com,João Albino Rainho Ataide das Neves,figueira.croa.pt,1
2651,Município Figueira de Castelo Rodrigo,PT505987449,"Largo Dr. Vilhena, N.º 1",Figueira de Castelo Rodrigo,Guarda,6440-100,cm-fcr@cm-fcr.pt,271319000,271319009,www.cm-fcr.pt,Paulo José Gomes Langrouva,fcr.croa.pt,1
2650,Município Figueiró dos Vinhos,PT506546381,Praça do Município,Figueiró dos Vinhos,Leiria,3260-408,presidencia@cm-figueirodosvinhos.pt,236559550,236552596,www.cm-figueirodosvinhos.pt,Jorge Manuel Fernandes de Abreu,figueirodosvinhos.croa.pt,1
2653,Município Fornos de Algodres,PT505592959,"Estrada Nacional, N.º 16",Fornos de Algodres,Guarda,6370-999,geral@cm-fornosdealgodres.pt,271700060,271700068,www.cm-fornosdealgodres.pt,António Manuel Pina Fonseca,fornosdealgodres.croa.pt,1
2654,Município Freixo de Espada à Cinta,PT506884937,Av.ªGuerra Junqueiro,Freixo de Espada à Cinta,Bragança,5180-104,geral@cm-freixoespadacinta.pt,279658160,279658165,www.cm-freixoespadacinta.pt,Maria do Céu Quintas,freixodeespadacinta.croa.pt,1
2655,Município Fronteira,PT501162941,Praça do Município,Fronteira,Portalegre,7460-110,municipio@cm-fronteira.pt,245600070,245600099,www.cm-fronteira.pt,Rogério David Sádio da Silva,fronteira.croa.pt,1
2656,Município Funchal,PT511217315,Praça do Município,Funchal,Madeira,9004-512,cmf@cm-funchal.pt,291211000,291226343,www.cm-funchal.pt,Paulo Alexandre Nascimento Cafôfo,funchal.croa.pt,1
2657,Município Fundão,PT506215695,Praça do Município,Fundão,Castelo Branco,6230-338,geral@cm-fundao.pt,275779060,275779079,www.cm-fundao.pt,Paulo Alexandre Bernardo Fernandes,fundao.croa.pt,1
2659,Município Gavião,PT506865517,Largo do Município,Gavião,Portalegre,6040-102,geral@cm-gaviao.pt,241639070,241639079,www.cm-gaviao.pt,José Fernando da Silva Pio,gaviao.croa.pt,1
2658,Município Góis,PT506613399,Praça da República,Góis,Coimbra,3330-310,correio@cm-gois.pt,235770110,235770114,www.cm-gois.pt,Maria de Lurdes de Oliveira Castanheira,gois.croa.pt,1
2660,Município Golegã,PT506563774,Largo D.Manuel I,Golegã,Santarém,2150-128,geral@cm-golega.pt,249979050,249979059,www.cm-golega.pt,Rui Manuel Lince Singeis Medinas Duarte,golega.croa.pt,1
2661,Município Gondomar,PT506848957,Praça Manuel Guedes,Gondomar,Porto,4420-193,c.m.gondomar@mail.telepac.pt,224660500,224660566,www.cm-gondomar.pt,Marco André dos Santos Martins Lopes,gondomar.croa.pt,1
2662,Município Gouveia,PT506510476,Avenida 25 de Abril,Gouveia,Guarda,6290-554,geral@cm-gouveia.pt,238490210,238494686,www.cm-gouveia.pt,Luís Manuel Tadeu Marques,gouveia.croa.pt,1
2663,Município Grândola,PT506823318,Rua Dr. José Pereira Barradas,Grândola,Setúbal,7570-281,geral@cm-grandola.pt,269450000,269451498,www.cm-grandola.pt,António Jesus Figueira Mendes,grandola.croa.pt,1
2664,Município Guarda,PT501131140,Praça do Município,Guarda,Guarda,6301-854,geral@mun-guarda.pt,271220200,271220272,www.mun-guarda.pt,Álvaro dos  Santos Amaro,guarda.croa.pt,1
2665,Município Guimarães,PT505948605,Largo Cónego José Maria Gomes,Guimarães,Braga,4804-534,geral@cm-guimaraes.pt,253421200,253515134,www.guimaraes.pt,Domingos Bragança Salgado,guimaraes.croa.pt,1
2666,Município Horta,PT512073821,Largo Duque D´Ávila e Bolama,Horta,Açores,9900-141,geral@cmhorta.pt,292202000,292293990,www.cmhorta.pt,João Fernando Brum de Azevedo e Castro,horta.croa.pt,1
2667,Município Idanha-a-Nova,PT501121030,Largo do Município,Idanha-a-Nova,Castelo Branco,6060-163,dfp@cm-idanhanova.pt,277200570,277200580,www.cm-idanhanova.pt,Armindo Moreira Palma Jacinto,idanhaanova.croa.pt,1
2668,Município Ílhavo,PT506920887,Avenida 25 de Abril,Ílhavo,Aveiro,3830-044,geralcmi@cm-ilhavo.pt,234329600,234329601,www.cm-ilhavo.pt,Fernando Fidalgo Caçoilo,ílhavo.croa.pt,1
2670,Município Lagoa (algarve),PT506804240,Largo do Município,Lagoa (algarve),Faro,8401-851,expediente@cm-lagoa.pt,282380400,282380444,www.cm-lagoa.pt,Francisco José Malveiro Martins,lagoa.croa.pt,1
2669,Município Lagoa (São Miguel),PT512074410,Largo D.João III,Lagoa (São Miguel),Açores,9560-045,cmlagoa.az@mail.telepac.pt,296960600,296916229,http://cm-lagoa.azoresdigital.pt/,João António Ferreira Ponte,lagoasaomiguel.croa.pt,1
2671,Município Lagos,PT505170876,Paços do Concelho Séc. XXI Praça do Município,Lagos,Faro,8600-293,expediente.geral@cm-lagos.pt,282771700,282769317,www.cm-lagos.pt,Maria Joaquina Baptista Quintans de Matos,lagos.croa.pt,1
2672,Município Lajes das Flores,PT512074836,"Avenida do Emigrante, N.º 4",Lajes das Flores,Açores,9960-431,geral@cmlajesdasflores.pt,292590800,292590826,www.cmlajesflores.com,Luís Carlos Martins Maciel,lajesdasflores.croa.pt,1
2673,Município Lajes do Pico,PT512074143,Rua de São Francisco,Lajes do Pico,Açores,9930-135,cmlpico@mail.telepac.pt,292679700,292679710,www.municipio-lajes-do-pico.pt,Roberto Manuel Medeiros da Silva,lajesdopico.croa.pt,1
2674,Município Lamego,PT506572218,Avenida Padre Alfredo Pinto Teixeira,Lamego,Viseu,5100-150,camara@cm-lamego.pt,254609600,254609601,www.cm-lamego.pt,Francisco Manuel Lopes,lamego.croa.pt,1
2675,Município Leiria,PT505181266,Largo do Município,Leiria,Leiria,2414-006,cmleiria@cm-leiria.pt,244839500,244839562,www.cm-leiria.pt,Raúl Miguel de Castro,leiria.croa.pt,1
2676,Município Lisboa,PT500051070,Paços do Concelho - Praça do Município,Lisboa,Lisboa,1100-365,municipe@cm-lisboa.pt,213236200,213236137,www.cm-lisboa.pt,António Luís Santos da Costa,lisboa.croa.pt,1
2677,Município Loulé,PT502098139,"Praça da República, N.º 5",Loulé,Faro,8100-270,gab.comunicacao@cm-loule.pt,289400600,289415557,www.cm-loule.pt,Vitor Manuel Gonçalves Aleixo,loule.croa.pt,1
2678,Município Loures,PT501294996,Praça da Liberdade,Loures,Lisboa,2674-501,geral@cm-loures.pt,211150100,211151709,www.cm-loures.pt,Bernardino José Torrão Soares,loures.croa.pt,1
2679,Município Lourinhã,PT502177101,Praça José Máximo da Costa,Lourinhã,Lisboa,2534-500,geral@cm-lourinha.pt,261410100,261410108,www.cm-lourinha.pt,João Duarte Anastácio de Carvalho,lourinha.croa.pt,1
2680,Município Lousã,PT501121528,Rua Dr. João Santos,Lousã,Coimbra,3200-953,geral@cm-lousa.pt,239990370,239990379,www.cm-lousa.pt,Luís Miguel Correia Antunes,lousa.croa.pt,1
2681,Município Lousada,PT505279460,Praça Dr. Francisco Sá Carneiro,Lousada,Porto,4621-909,cm-lousada@cm-lousada.pt,255820500,255820550,www.cm-lousada.pt,Pedro Daniel Machado Gomes,lousada.croa.pt,1
2682,Município Mação,PT506814343,Rua Padre António Pereira Figueiredo,Mação,Santarém,6120-750,presidente@cm-macao.pt,241577200,241577280,www.cm-macao.pt,Vasco António Mendonça Sequeira Estrela,macao.croa.pt,1
2683,Município Macedo de Cavaleiros,PT506697339,Jardim 1º Maio,Macedo de Cavaleiros,Bragança,5340-218,cmacedocavaleiros@mail.telepac.pt,278420420,278426243,www.cm-macedodecavaleiros.pt,Manuel Duarte Fernandes Moreno,macedodecavaleiros.croa.pt,1
2684,Município Machico,PT511239440,Largo do Município,Machico,Madeira,9200-099,gabinete.apoio@cm-machico.pt,291969990,291965515,www.cm-machico.pt,Ricardo Miguel Nunes Franco,machico.croa.pt,1
2685,Município Madalena,PT512070946,Largo Cardeal Costa Nunes,Madalena,Açores,9950-324,geral@cm-madalena.pt,292628700,292628746,www.cm-madalena.pt,José António Marcos Soares,madalena.croa.pt,1
2686,Município Mafra,PT502177080,Praça do Município,Mafra,Lisboa,2644-001,geral@cm-mafra.pt,261810100,261810130,www.cm-mafra.pt,Helder António Guerra de Sousa Silva,mafra.croa.pt,1
2687,Município Maia,PT505387131,Praça Doutor José Vieira Carvalho,Maia,Porto,4474-006,geral@cm-maia.pt,229408600,229480901,www.cm-maia.pt,António Gonçalves Bragança Fernandes,maia.croa.pt,1
2688,Município Mangualde,PT501262997,Largo Dr. Couto,Mangualde,Viseu,3534-004,nuc.informatica@cmmangualde.pt,232619880,232623958,www.cmmangualde.pt,João Nuno Ferreira Gonçalves de Azevedo,mangualde.croa.pt,1
2689,Município Manteigas,PT506632946,Rua 1º de Maio,Manteigas,Guarda,6260-101,geral@cm-manteigas.pt,275980000,275982092,www.cm-manteigas.pt,José Manuel Custódia Biscaia,manteigas.croa.pt,1
2690,Município Marco de Canaveses,PT501073655,Largo Sacadura Cabral,Marco de Canaveses,Porto,4630-219,info@cm-marco-canaveses.pt,255538800,255538899,www.cm-marco-canaveses.pt,Manuel Maria Moreira,marcodecanaveses.croa.pt,1
2691,Município Marinha Grande,PT505776758,Praça Guilherme Stephens,Marinha Grande,Leiria,2430-960,geral@cm-mgrande.pt,244573300,244561710,www.cm-mgrande.pt,Álvaro Manuel Marques Pereira,marinhagrande.croa.pt,1
2692,Município Marvão,PT501170162,Largo de Santa Maria,Marvão,Portalegre,7330-101,contabilidade@cm-marvao.pt,245909130,245993526,www.cm-marvao.pt,Victor Manuel Martins Frutuoso,marvao.croa.pt,1
2693,Município Matosinhos,PT501305912,Av. D. Afonso Henriques,Matosinhos,Porto,4450-510,mail@cm-matosinhos.pt,229390900,229373213,www.cm-matosinhos.pt,Guilherme Manuel Lopes Pinto,matosinhos.croa.pt,1
2694,Município Mealhada,PT506792382,Largo do Município,Mealhada,Aveiro,3054-001,gabpresidencia@cm-mealhada.pt,231200980,231203618,www.cm-mealhada.pt,Rui Manuel Leal Marqueiro,mealhada.croa.pt,1
2695,Município Meda,PT505161974,Largo do Município,Meda,Guarda,6430-197,cmeda@cm-meda.pt,279880040,279882520,www.cm-meda.pt,Anselmo Antunes de Sousa,meda.croa.pt,1
2696,Município Melgaço,PT505592940,Largo Hermenigildo Solheiro,Melgaço,Viana do Castelo,4960-551,mbatista@cm-melgaco.pt,251410100,251402429,www.cm-melgaco.pt,Manoel Batista Calçada Pombal,melgaco.croa.pt,1
2697,Município Mértola,PT503279765,Praça Luís de Camões,Mértola,Beja,7750-329,geral@cm-mertola.pt,286610100,286610101,www.cm-mertola.pt,Jorge Paulo Colaço Rosa,mertola.croa.pt,1
2698,Município Mesão Frio,PT506840328,Avenida José Maria Alpoim,Mesão Frio,Vila Real,5040-310,geral@cm-mesaofrio.pt,254890100,254890109,www.cm-mesaofrio.pt,Alberto Monteiro Pereira,mesaofrio.croa.pt,1
2699,Município Mira,PT506724530,Praça da República,Mira,Coimbra,3070-306,geral@cm-mira.pt,231480550,231458185,www.cm-mira.pt,Raul José Rei Soares de Almeida,mira.croa.pt,1
2700,Município Miranda do Corvo,PT506624200,Praça José Falcão,Miranda do Corvo,Coimbra,3220-403,camara@cm-mirandadocorvo.pt,239530320,239532952,www.cm-mirandadocorvo.pt,António Miguel Costa Baptista,mirandadocorvo.croa.pt,1
2701,Município Miranda do Douro,PT506806898,Largo D. João III,Miranda do Douro,Bragança,5210-190,geral@cm-mdouro.pt,273430020,273431075,www.cm-mdouro.pt,Artur Manuel Rodrigues Nunes,mdouro.croa.pt,1
2702,Município Mirandela,PT506881784,Largo do Município,Mirandela,Bragança,5370-288,andreia.gomes@cm-mirandela.pt,278200200,278265753,www.cm-mirandela.pt,António Almor Branco,mirandela.croa.pt,1
2703,Município Mogadouro,PT506851168,Largo do Convento de S. Francisco,Mogadouro,Bragança,5200-244,informatica@mogadouro.pt,279340100,279341874,www.mogadouro.pt,Francisco José Mateus Albuquerque Guimarães,mogadouro.croa.pt,1
2704,Município Moimenta da Beira,PT506664686,Largo do Tabolado,Moimenta da Beira,Viseu,3620-324,cmmbeira@cm-moimenta.pt,254520070,254520071,www.cm-moimenta.pt,José Eduardo Lopes Ferreira,moimentadabeira.croa.pt,1
2705,Município Moita,PT506791220,Praça da República,Moita,Setúbal,2864-007,cmmoita@mail.cm-moita.pt,212806700,212894928,www.cm-moita.pt,Rui Manuel Marques Garcia,moita.croa.pt,1
2706,Município Monção,PT501937471,Largo de Camões,Monção,Viana do Castelo,4950-444,geral@cm-moncao.pt,251649000,251649010,www.cm-moncao.pt,Augusto Henrique de Oliveira Domingues,moncao.croa.pt,1
2707,Município Monchique,PT506826961,"Travessa da Portela, N.º 2",Monchique,Faro,8550-470,geral@cm-monchique.pt,282910200,282910299,www.cm-monchique.pt,Rui Miguel da Silva André,monchique.croa.pt,1
2708,Município Mondim de Basto,PT506967107,Largo Conde de Vila Real,Mondim de Basto,Vila Real,4880-236,geral@cm-mondimdebasto.pt,255389300,255389398,http://municipio.mondimdebasto.pt,Humberto da Costa Cerqueira,mondimdebasto.croa.pt,1
2709,Município Monforte,PT506873412,Praça da República,Monforte,Portalegre,7450-115,fpp@cm-monforte.pt,245578060,245573423,www.cm-monforte.pt,Gonçalo Nuno Brandão Ribeiro Amanso Pataca Lagem,monforte.croa.pt,1
2710,Município Montalegre,PT506149811,Praça do Município nº 1,Montalegre,Vila Real,5470-214,municipio@cm-montalegre.pt,276510200,276510201,www.cm-montalegre.pt,Manuel Orlando Fernandes Alves,montalegre.croa.pt,1
2711,Município Montemor-o-Novo,PT506609553,Largo Paços do Concelho,Montemor-o-Novo,Évora,7050-127,cmmontemor@cm-montemornovo.pt,266898100,266877096,www.cm-montemornovo.pt,Hortênsia dos Anjos Chegado Menino,montemoronovo.croa.pt,1
2712,Município Montemor-o-Velho,PT501272976,Praça da República,Montemor-o-Velho,Coimbra,3140-258,geral@cm-montemorvelho.pt,239689200,239687318,www.cm-montemorvelho.pt,Emílio Augusto Ferreira Torrão,montemorovelho.croa.pt,1
2713,Município Montijo,PT502834846,Rua Manuel Neves Nunes de Almeida,Montijo,Setúbal,2870-352,geral@mun-montijo.pt,212327600,212327668,www.mun-montijo.pt,Nuno Miguel Ribeiro Canta,montijo.croa.pt,1
2714,Município Mora,PT501129103,Rua do Município,Mora,Évora,7490-243,cmmora@mail.telepac.pt,266439070,266403260,www.cm-mora.pt,Luis Simão Duarte de Matos,mora.croa.pt,1
2715,Município Mortágua,PT506855368,Rua João Lopes de Morais,Mortágua,Viseu,3450-153,mortagua@cm-mortagua.pt,231927460,231927469,www.cm-mortagua.pt,José Júlio Henriques Norte,mortagua.croa.pt,1
2717,Município Moura,PT502174153,Praça Sacadura Cabral,Moura,Beja,7860-207,cmmoura@cm-moura.pt,285250400,285251702,www.cm-moura.pt,Santiago Augusto Ferreira Macias,moura.croa.pt,1
2716,Município Mourão,PT501206639,Praça da República N.º 20,Mourão,Évora,7240-233,gap@cm-mourao.pt,266560010,266560025,www.cm-mourao.pt,Maria Clara Pimenta Pinto Martins Safara,mourao.croa.pt,1
2718,Município Murça,PT506862763,Praça 5 de Outubro,Murça,Vila Real,5090-112,geral@cm-murca.pt,259510120,259510129,www.cm-murca.pt,José Maria Garcia da Costa,murca.croa.pt,1
2719,Município Murtosa,PT506791238,Praça do Município - Acabada - Pardelhas,Murtosa,Aveiro,3870-101,geral@cm-murtosa.pt,234830100,234867636,www.cm-murtosa.pt,Joaquim Manuel dos Santos Baptista,murtosa.croa.pt,1
2720,Município Nazaré,PT507012100,Av. Vieira Guimarães,Nazaré,Leiria,2450-951,geral@cm-nazare.pt,262550010,262550019,www.cm-nazare.pt,Walter Manuel Cavaleiro Chicharro,nazare.croa.pt,1
2721,Município Nelas,PT506834166,Largo do Município,Nelas,Viseu,3520-001,geral@cm-nelas.pt,232941300,232940899,www.cm-nelas.pt,José Manuel Borges da Silva,nelas.croa.pt,1
2722,Município Nisa,PT506612287,Praça do Município,Nisa,Portalegre,6050-358,geral@cm-nisa.pt,245410000,245412799,www.cm-nisa.pt,Maria Idalina Alves Trindade,nisa.croa.pt,1
2723,Município Nordeste,PT512042659,Praça da República,Nordeste,Açores,9630-141,geral@cmnordeste.pt,296480060,296488519,www.cmnordeste.pt,Carlos Alberto Medeiros Mendonça,nordeste.croa.pt,1
2724,Município Óbidos,PT506802698,Largo de São Pedro,Óbidos,Leiria,2510-086,geral@cm-obidos.pt,262955500,262955001,www.cm-obidos.pt,Humberto da Silva Marques,obidos.croa.pt,1
2725,Município Odemira,PT505311313,Praça da República,Odemira,Beja,7630-139,geral@cm-odemira.pt,283320900,283327323,www.cm-odemira.pt,José Alberto Candeias Guerreiro,odemira.croa.pt,1
10155,Município Odivelas,PT504293125,Paços do Concelho - Quinta da Memória,Odivelas,Lisboa,2675-348,geral@cm-odivelas.pt,219320000,219320227,www.cm-odivelas.pt,Susana de Fátima Carvalho Amador,odivelas.croa.pt,1
2726,Município Oeiras,PT500745943,Largo Marquês de Pombal,Oeiras,Lisboa,2754-501,geral@cm-oeiras.pt,214408300,214408712,www.cm-oeiras.pt,Paulo César Sanches Casinhas da Silva Vistas,oeiras.croa.pt,1
2727,Município Oleiros,PT506824152,Praça do Município,Oleiros,Castelo Branco,6160-409,geral@cm-oleiros.pt,272680130,272682446,www.cm-oleiros.pt,Fernando Marques Jorge,oleiros.croa.pt,1
2728,Município Olhão,PT506321894,Largo Sebastião Mestre,Olhão,Faro,8700-349,geral@cm-olhao.pt,289700100,289700111,www.cm-olhao.pt,António Miguel Ventura Pina,olhao.croa.pt,1
2729,Município Oliveira de Azeméis,PT506302970,Rua da República,Oliveira de Azeméis,Aveiro,3720-504,geral@cm-oaz.pt,256600600,256674694,www.cm-oaz.pt,Hermínio José Sobral de Loureiro Gonçalves,oaz.croa.pt,1
2730,Município Oliveira de Frades,PT501306234,Largo Dr. Joaquim de Almeida,Oliveira de Frades,Viseu,3680-111,presidencia@cm-ofrades.com,232760300,232761727,www.cm-ofrades.com,Luís Manuel Martins de Vasconcelos,ofrades.croa.pt,1
2731,Município Oliveira do Bairro,PT501128840,"Praça do Município,  Ed. Paços do Concelho",Oliveira do Bairro,Aveiro,3770-851,cmolb@cm-olb.pt,234732100,234732112,www.cm-olb.pt,Mário João Ferreira da Silva Oliveira,alb.croa.pt,1
2732,Município Oliveira do Hospital,PT506818829,Largo Conselheiro Cabral Metello,Oliveira do Hospital,Coimbra,3400-062,geral@cm-oliveiradohospital.pt,238605250,238609739,www.cm-oliveiradohospital.pt,José Carlos Alexandrino Mendes,oliveiradohospital.croa.pt,1
2733,Município Ourém,PT501280740,"Praça do Município, 11",Ourém,Santarém,2490-498,geral@cm-ourem.pt,249540900,249540908,www.cm-ourem.pt,Paulo Alexandre Homem de Oliveira Fonseca,ourem.croa.pt,1
2734,Município Ourique,PT506876330,"Avenida 25 de Abril, N.º 26",Ourique,Beja,7670-250,geral@cmourique.pt,286510400,286510401,www.cm-ourique.pt,Pedro Nuno Raposo Prazeres do Carmo,ourique.croa.pt,1
2735,Município Ovar,PT501306269,Praça da República,Ovar,Aveiro,3880-141,gapresidencia@cm-ovar.pt,256581300,256586611,www.cm-ovar.pt,Salvador Malheiro Ferreira da Silva,ovar.croa.pt,1
2738,Município Paços de Ferreira,PT502173297,"Praça da República, 46",Paços de Ferreira,Porto,4590-527,geral@cm-pacosdeferreira.pt,255860700,255860734,www.cm-pacosdeferreira.pt,Humberto Fernando Leão Pacheco de Brito,pacosdeferreira.croa.pt,1
2739,Município Palmela,PT506187543,Largo do Município,Palmela,Setúbal,2954-001,geral@cm-palmela.pt,212336600,212336619,www.cm-palmela.pt,Álvaro Manuel Balseiro Amaro ,palmela.croa.pt,1
2740,Município Pampilhosa da Serra,PT506811883,Rua Rangel de Lima,Pampilhosa da Serra,Coimbra,3320-229,municipio@cm-pampilhosadaserra.pt,235590320,235590329,www.cm-pampilhosadaserra.pt,José Alberto Pacheco Brito Dias,pampilhosadaserra.croa.pt,1
2741,Município Paredes,PT506656128,Parque Jose Guilherme,Paredes,Porto,4580-130,cmparedes@cm-paredes.pt,255788800,255782155,www.cm-paredes.pt,Celso Manuel Gomes Ferreira,paredes.croa.pt,1
2742,Município Paredes de Coura,PT506632938,Largo Visconde de Moselos - Apartado 6,Paredes de Coura,Viana do Castelo,4941-909,contacto@cm-paredes-coura.pt,251780100,251780118,www.cm-paredes-coura.pt,Vítor Paulo Gomes Pereira,paredesdecoura.croa.pt,1
2743,Município Pedrógão Grande,PT507011937,A Devesa,Pedrógão Grande,Leiria,3271-909,geral@cm-pedrogaogrande.pt,236480150,236480159,www.cm-pedrogaogrande.pt,Valdemar Gomes Fernandes Alves,pedrogaogrande.croa.pt,1
2744,Município Penacova,PT506657957,"Largo Alberto Leitão, nº 5",Penacova,Coimbra,3360-191,geral@cm-penacova.pt,239470300,239478098,www.cm-penacova.pt,Humberto José Batista Oliveira,penacova.croa.pt,1
2745,Município Penafiel,PT501073663,Praça do Município,Penafiel,Porto,4564-002,penafiel@cm-penafiel.pt,255710700,255214685,www.cm-penafiel.pt,Antonino Aurélio Vieira de Sousa,penafiel.croa.pt,1
2746,Município Penalva do Castelo,PT506792404,"Avenida Castendo, N.º 1",Penalva do Castelo,Viseu,3550-185,geral@cm-penalvadocastelo.pt,232640020,232640021,www.cm-penalvadocastelo.pt,Francisco Lopes de Carvalho,penalvadocastelo.croa.pt,1
2747,Município Penamacor,PT506192164,Praça do Município,Penamacor,Castelo Branco,6090-543,secretaria.gap@cm-penamacor.pt,277394106,277394196,www.cm-penamacor.pt,António Luís Beites Soares,penamacor.croa.pt,1
2748,Município Penedono,PT506651541,Largo da Devesa,Penedono,Viseu,3630-227,cm-penedono@cm-penedono.pt,254509030,254509039,www.cm-penedono.pt,António Carlos Saraiva Esteves de Carvalho,penedono.croa.pt,1
2749,Município Penela,PT506778037,Praça do Município,Penela,Coimbra,3230-253,cmpenela@cm-penela.pt,239560120,239569400,www.cm-penela.pt,Luis Filipe da Silva Lourenço Matias,penela.croa.pt,1
2750,Município Peniche,PT506812820,Largo do Município,Peniche,Leiria,2520-239,cmpeniche@cm-peniche.pt,262780100,262780111,www.cm-peniche.pt,António José Ferreira Sousa Carreira Santos,peniche.croa.pt,1
2751,Município Peso da Régua,PT506829260,Praça do Município,Peso da Régua,Vila Real,5054-003,cmregua@cmpr.pt,254320230,254314365,www.cm-pesoregua.pt,Nuno Manuel Sousa Pinto de Carvalho Gonçalves,pesodaregua.croa.pt,1
2752,Município Pinhel,PT506787249,"Rua Travessa Portão Norte, N.º 2",Pinhel,Guarda,6400-303,cm-pinhel@cm-pinhel.pt,271410000,271413388,www.cm-pinhel.pt,Rui Manuel Saraiva Ventura,pinhel.croa.pt,1
2753,Município Pombal,PT506334562,Largo do Cardal,Pombal,Leiria,3100-440,geral@cm-pombal.pt,236210500,236210599,www.cm-pombal.pt,Luís Diogo de Paiva Morão Alves Mateus,pombal.croa.pt,1
2754,Município Ponta Delgada,PT512012814,Praça do Município,Ponta Delgada,Açores,9504-523,gabinetedomunicipe@mpdelgada.pt,296304400,296304401,www.mpdelgada.pt,José Manuel Cabral Dias Bolieiro,pontadelgada.croa.pt,1
2755,Município Ponta do Sol,PT511235461,Rua de Santo António N. º 5,Ponta do Sol,Madeira,9360-219,presidencia@cm-pontadosol.pt,291972106,291972711,www.pontadosol.pt,Rui David Pita Marques Luís,pontadosol.croa.pt,1
2756,Município Ponte da Barca,PT505676770,Praça Dr. António Lacerda,Ponte da Barca,Viana do Castelo,4980-620,geral@cmpb.pt,258480180,258480189,www.cmpb.pt,António Vassalo Abreu,cmpb.croa.pt,1
2757,Município Ponte de Lima,PT506811913,Praça da República,Ponte de Lima,Viana do Castelo,4990-062,geral@cm-pontedelima.pt,258900400,258900410,www.cm-pontedelima.pt,Victor Manuel Alves Mendes,pontedelima.croa.pt,1
2758,Município Ponte de Sor,PT506806456,CAMPO DA RESTAURAÇÃO,Ponte de Sor,Portalegre,7400-223,geral@cm-pontedesor.pt,242291580,242291589,www.cm-pontedesor.pt,Hugo Luís Pereira Hilário,pontedesor.croa.pt,1
2759,Município Portalegre,PT501143718,"Rua Guilherme Gomes Fernandes, N.º 28",Portalegre,Portalegre,7300-186,municipio@cm-portalegre.pt,245307400,245307470,www.cm-portalegre.pt,Maria Adelaide Lebreiro de Aguiar Marques Teixeira,portalegre.croa.pt,1
2760,Município Portel,PT506196445,Praça D. Nuno Álvares Pereira,Portel,Évora,7220-375,geral@mail.cm-portel.pt,266619030,266611347,www.cm-portel.pt,José Manuel Clemente Grilo,portel.croa.pt,1
2761,Município Portimão,PT505309939,Praça 1º de Maio,Portimão,Faro,8500-543,geral@cm-portimao.pt,282470700,282470792,www.cm-portimao.pt,Isilda Maria Prazeres Varges Gomes,portimao.croa.pt,1
2762,Município Porto,PT501306099,Praça General Humberto Delgado,Porto,Porto,4049-001,geral@cm-porto.pt,222097000,222097100,www.cm-porto.pt,Rui de Carvalho de Araújo Moreira,porto.croa.pt,1
2765,Município Porto de Mós,PT505586401,Praça da República,Porto de Mós,Leiria,2484-001,geral@municipio-portodemos.pt,244499600,244499601,www.municipio-portodemos.pt,João Salgueiro,portodemos.croa.pt,1
2763,Município Porto Moniz,PT511239068,Praça do Lyra,Porto Moniz,Madeira,9270-053,geral@portomoniz.pt,291850180,291853129,www.portomoniz.pt,João Emanuel Silva Câmara,portomoniz.croa.pt,1
2764,Município Porto Santo,PT511236425,Rua Dr. Nuno Silvestre Teixeira,Porto Santo,Madeira,9400-162,cmportosanto@mail.telepac.pt,291980640,291982005,www.cm-portosanto.pt,Filipe Emanuel Menezes de Oliveira,portosanto.croa.pt,1
2736,Município Póvoa de Lanhoso,PT506632920,Av. da República,Póvoa de Lanhoso,Braga,4830-513,geral@mun-planhoso.pt,253639700,253639709,www.mun-planhoso.pt,Manuel José Torcato Soares Baptista,planhoso.croa.pt,1
2737,Município Póvoa de Varzim,PT506741400,"Praça do Almada, N.º 5A",Póvoa de Varzim,Porto,4490-438,geral@cm-pvarzim.pt,252090000,252090010,www.cm-pvarzim.pt,Aires Henrique do Couto Pereira,povoadevarzim.croa.pt,1
2766,Município Povoação,PT512065047,Largo do Município,Povoação,Açores,9650-411,geral@cm-povoacao.pt,296550200,296550219,www.cm-povoacao.pt,Carlos Emílio Lopes Machado Ávila,povoacao.croa.pt,1
2767,Município Praia da Vitória,PT512044023,Praça Francisco Ornelas da Câmara,Praia da Vitória,Açores,9760-851,geral@cmpv.pt,295540200,295540210,www.cmpv.pt,Roberto Lúcio Silva Pereira Monteiro,cmpv.croa.pt,1
2768,Município Proença-a-Nova,PT505377802,Avenida do Colégio,Proença-a-Nova,Castelo Branco,6150-401,geral@cm-proencanova.pt,274670000,274672697,www.cm-proencanova.pt,João Paulo Marçal Lopes Catarino,proencanova.croa.pt,1
2769,Município Redondo,PT501834117,Praça da República,Redondo,Évora,717O-011,geral@cm-redondo.pt,266989210,266909039,www.cm-redondo.pt,António José Rega Matos Recto,redondo.croa.pt,1
2770,Município Reguengos de Monsaraz,PT507040589,Praça da Liberdade,Reguengos de Monsaraz,Évora,7200-370,geral@cm-reguengos-monsaraz.pt,266508040,266508059,www.cm-reguengos-monsaraz.pt,José Gabriel Paixão Calixto,reguengosmonsaraz.croa.pt,1
2771,Município Resende,PT506349381,Av. Rebelo Moniz,Resende,Viseu,4660-215,geral@cm-resende.pt,254240930,254877424,www.cm-resende.pt,Manuel Joaquim Garcez Trindade,resende.croa.pt,1
2772,Município Ribeira Brava,PT511236417,Rua do Visconde N.º 56,Ribeira Brava,Madeira,9350-213,geral@cm-ribeirabrava.pt,291952548,291952182,www.cm-ribeirabrava.pt,Ricardo António Nascimento,ribeirabrava.croa.pt,1
2774,Município Ribeira de Pena,PT506818098,Praça do Município,Ribeira de Pena,Vila Real,4870-152,geral@cm-rpena.pt,259490500,259493520,www.cm-rpena.pt,Rui Vaz Alves,rpena.croa.pt,1
2773,Município Ribeira Grande,PT512013241,Largo Conselheiro HIntze Ribeiro,Ribeira Grande,Açores,9600-509,geralcmrg@cm-ribeiragrande.pt,296470730,296470739,www.cm-ribeiragrande.pt,Alexandre Branco Gaudêncio,ribeiragrande.croa.pt,1
2775,Município Rio Maior,PT505656000,Praça da República,Rio Maior,Santarém,2040-320,cmriomaior@mail.telepac.pt,243999300,243992236,www.cm-riomaior.pt,Isaura Maria Elias Crisóstomo Bernardino Morais,riomaior.croa.pt,1
2782,Município Sabrosa,PT506824942,Rua do Loreto,Sabrosa,Vila Real,5060-338,geral@cm-sabrosa.pt,259937120,259937129,www.sabrosa.pt,José Manuel Carvalho Marques,sabrosa.croa.pt,1
2783,Município Sabugal,PT506811662,Praça da República,Sabugal,Guarda,6324-007,geral@cm-sabugal.pt,271751040,271753408,www.cm-sabugal.pt,António dos Santos Robalo,sabugal.croa.pt,1
2784,Município Salvaterra de Magos,PT506755150,Praça da República N.º 1,Salvaterra de Magos,Santarém,2120-072,geral@cm-salvaterrademagos.pt,263509500,263509501,www.cm-salvaterrademagos.pt,Hélder Manuel Ramalho de Sousa Esménio,salvaterrademagos.croa.pt,1
2785,Município Santa Comba Dão,PT506637441,"Largo do Município, N.º 13",Santa Comba Dão,Viseu,3440-337,geral@cm-santacombadao.pt,232880500,232880501,www.cm-santacombadao.pt,Leonel Gouveia,santacombadao.croa.pt,1
2786,Município Santa Cruz,PT511244681,Praça Dr. João Abel de Freitas,Santa Cruz,Madeira,9100-157,geral@cm-santacruz.pt,291520100,291520118,www.cm-santacruz.pt,Filipe Martiniano Martins de Sousa,santacruz.croa.pt,1
2787,Município Santa Cruz da Graciosa,PT512069760,Largo Vasco da Gama,Santa Cruz da Graciosa,Açores,9880-352,geral@cm-graciosa.pt,295730040,295712124,www.cm-graciosa.pt,Manuel Avelar Cunha Santos,graciosa.croa.pt,1
2788,Município Santa Cruz das Flores,PT512079110,"Rua Senador Andre de Freitas, N.º 13",Santa Cruz das Flores,Açores,9970-337,geral@cmscflores.pt,292590700,292590718,www.cm-santacruzdasflores.azoresdigital.pt,José Carlos Pimentel Mendes,santacruzdasflores.croa.pt,1
2646,Município Santa Maria da Feira,PT501157280,"Praça da República, N.º 135",Santa Maria da Feira,Aveiro,4524-909,santamariadafeira@cm-feira.pt,256370810,256370801,www.cm-feira.pt,Emídio Ferreira dos Santos Sousa,feira.croa.pt,1
2789,Município Santa Marta de Penaguião,PT506829138,Rua dos Combatentes,Santa Marta de Penaguião,Vila Real,5030-477,geral@cm-smpenaguiao.pt,254810130,254810131,www.cm-smpenaguiao.pt,Luís Reguengo Machado,smpenaguiao.croa.pt,1
2790,Município Santana,PT511239980,Sitio do Serrado,Santana,Madeira,9230-116,gap@cm-santana.com,291570200,291570201,www.cm-santana.com,Teófilo Alírio Reis Cunha,santana.croa.pt,1
2791,Município Santarém,PT505941350,Praça do Município,Santarém,Santarém,2005-245,geral@cm-santarem.pt,243304200,243304299,www.cm-santarem.pt,Ricardo Gonçalves Ribeiro Gonçalves,santarem.croa.pt,1
2792,Município Santiago do Cacém,PT502130040,Praça do Município,Santiago do Cacém,Setúbal,7540-136,geral@cm-santiagocacem.pt,269829400,269829498,www.cm-santiagocacem.pt,Álvaro dos Santos Beijinha,santiagodocacem.croa.pt,1
2793,Município Santo Tirso,PT501306870,Praça 25 de Abril,Santo Tirso,Porto,4780-373,gap@cm-stirso.pt,252830407,252856534,www.cm-stirso.pt,Joaquim Barbosa Ferreira Couto,santotirso.croa.pt,1
2776,Município São Brás de Alportel,PT503219924,"Gago Coutinho, N.º 1",São Brás de Alportel,Faro,8150-151,gap@cm-sbras.pt,289840000,289842455,www.cm-sbras.pt,Vítor Manuel Martins Guerreiro,sbras.croa.pt,1
2777,Município São João da Madeira,PT506538575,Av. da Liberdade,São João da Madeira,Aveiro,3700-956,geral@cm-sjm.pt,256200200,256200296,www.cm-sjm.pt,Ricardo Nicolau Soares Terra de Oliveira Figueiredo,sjm.croa.pt,1
2778,Município São João da Pesqueira,PT506892646,"Av.ª Marquês de Soveral, n.º 67",São João da Pesqueira,Viseu,5130-321,cmsjp@sjpesqueira.pt,254489999,254489989,www.sjpesqueira.pt,José António Fontão Tulha,sjpesqueira.croa.pt,1
2779,Município São Pedro do Sul,PT506785815,Rua De Camões,São Pedro do Sul,Viseu,3660-436,geral@cm-spsul.pt,232723003,232723406,www.cm-spsul.pt,Vítor Manuel de Almeida Figueiredo,spsul.croa.pt,1
2780,Município São Roque do Pico,PT512074771,Alameda 10 de Novembro,São Roque do Pico,Açores,9940-353,cmsrp@mail.telepac.pt,292648700,292648709,www.municipio-lajes-do-pico.pt,Mark Anthony Silveira,lajesdopico.croa.pt,1
2781,Município São Vicente,PT511240112,Paços do Município - Vila de São Vicente,São Vicente,Madeira,9240-225,geral@cm-saovicente.pt,291840020,291842666,www.cm-saovicente.pt,José António Gonçalves Garcês,saovicente.croa.pt,1
2794,Município Sardoal,PT501181857,Praça da República,Sardoal,Santarém,2230-222,geral@cm-sardoal.pt,241850000,241855684,www.cm-sardoal.pt,Fernando Constantino Moleirinho,sardoal.croa.pt,1
2795,Município Sátão,PT506882713,Praça Paulo VI,Sátão,Viseu,3560-154,geral@cm-satao.pt,232980000,232982093,www.cm-satao.pt,Alexandre Manuel Mendonça Vaz,satao.croa.pt,1
2796,Município Seia,PT506676170,Largo Dr. Borges Pires,Seia,Guarda,6270-494,cm-seia@cm-seia.pt,238310230,238310232,www.cm-seia.pt,Carlos Filipe Camelo Miranda de Figueiredo,seia.croa.pt,1
2797,Município Seixal,PT506173968,"Alameda dos Bombeiros Voluntários, N.º 45",Seixal,Setúbal,2844-001,camara.geral@cm-seixal.pt,212276700,212276701,www.cm-seixal.pt,Joaquim Cesário Cardador dos Santos,seixal.croa.pt,1
2798,Município Sernancelhe,PT506852032,Rua Dr. Oliveira Serrão,Sernancelhe,Viseu,3640-240,geral@cm-sernancelhe.pt,254598300,254598319,www.cm-sernancelhe.pt,Carlos Silva Santiago,sernancelhe.croa.pt,1
2799,Município Serpa,PT501112049,Praça da República,Serpa,Beja,7830-389,geral@cm-serpa.pt,284540100,284540109,www.cm-serpa.pt,Tomé Alexandre Martins Pires,serpa.croa.pt,1
2800,Município Sertã,PT506963837,Largo do Município,Sertã,Castelo Branco,6100-738,cmsgeral@cm-serta.pt,274600300,274600301,www.cm-serta.pt,José Farinha Nunes,serta.croa.pt,1
2801,Município Sesimbra,PT501144218,Rua da República,Sesimbra,Setúbal,2970-741,informacao@cm-sesimbra.pt,212288500,212288526,www.cm-sesimbra.pt,Augusto Manuel Neto Carapinha Pólvora,sesimbra.croa.pt,1
2802,Município Setúbal,PT501294104,"Edificio Paços do Concelho, Praça de Bocage",Setúbal,Setúbal,2901-866,gap@mun-setubal.pt,265541500,265541523,www.mun-setubal.pt,Maria das Dores Marques Banheiro Meira,setubal.croa.pt,1
2803,Município Sever do Vouga,PT502704977,Largo do Município,Sever do Vouga,Aveiro,3740-262,cm.sever@cm-sever.pt,234555566,234552982,www.cm-sever.pt,António José Martins Coutinho,sever.croa.pt,1
2804,Município Silves,PT506818837,Largo do Município,Silves,Faro,8300-117,gabinete.presidente@cm-silves.pt,282440800,282440850,www.cm-silves.pt,Rosa Cristina Gonçalves da Palma,silves.croa.pt,1
2805,Município Sines,PT502563010,Largo Ramos Costa,Sines,Setúbal,7520-159,info@mun-sines.pt,269630600,269633022,www.cm-sines.pt,Nuno José Gonçalves Mascarenhas,sines.croa.pt,1
2806,Município Sintra,PT500051062,Largo Dr. Virgílio Horta,Sintra,Lisboa,2714-501,dcco@cm-sintra.pt,219238500,219238657,www.cm-sintra.pt,Basílio Adolfo de Mendonça Horta da Franca,sintra.croa.pt,1
2807,Município Sobral de Monte Agraço,PT505410850,"Praça Dr. Eugénio Dias, N.º 4",Sobral de Monte Agraço,Lisboa,2590-016,geral@cm-sobral.pt,261940300,261940310,www.cm-sobral-monte-agraco.pt,José Alberto Quintino,sobralmonteagraco.croa.pt,1
2808,Município Soure,PT507103742,Praça da República,Soure,Coimbra,313-218,geral@cm-soure.pt,239506550,239502951,www.cm-soure.pt,Mário Jorge da Costa Rodrigues Nunes,soure.croa.pt,1
2809,Município Sousel,PT506809560,Praça da República,Sousel,Portalegre,7470-220,geral@cm-sousel.pt,268550100,268550110,www.cm-sousel.pt,Armando Jorge Mendonça Varela,sousel.croa.pt,1
2810,Município Tábua,PT506806944,Praça da República,Tábua,Coimbra,3420-308,geral@cm-tabua.pt,235410340,235410349,www.cm-tabua.pt,Mário de Almeida Loureiro,tabua.croa.pt,1
2811,Município Tabuaço,PT506601455,Rua Dr. António José de Almeida,Tabuaço,Viseu,5120-423,geral@cm-tabuaco.pt,254780000,254789142,www.cm-tabuaco.pt,Carlos André Teles Paulo de Carvalho,tabuaco.croa.pt,1
2812,Município Tarouca,PT506753905,Av.ª Dr. Alexandre Taveira Cardoso,Tarouca,Viseu,3610-128,daf@cm-tarouca.pt,254677420,254678552,www.cm-tarouca.pt,Valdemar de Carvalho Pereira,tarouca.croa.pt,1
2813,Município Tavira,PT501067191,Praça da República,Tavira,Faro,8800-951,camara@cm-tavira.pt,281320500,281324752,www.cm-tavira.pt,Jorge Manuel do Nascimento Botelho,tavira.croa.pt,1
2814,Município Terras de Bouro,PT506907619,Paços do Município,Terras de Bouro,Braga,4840-100,geral@cm-terrasdebouro.pt,253350010,253351894,www.cm-terrasdebouro.pt,Joaquim José Cracel Viana,terrasdebouro.croa.pt,1
2815,Município Tomar,PT506738914,Praça da República,Tomar,Santarém,2300-550,presidencia@cm-tomar.pt,249329800,249329809,www.cm-tomar.pt,Anabela Gaspar de Freitas,tomar.croa.pt,1
2816,Município Tondela,PT506822680,"Largo da República, N.º 16",Tondela,Viseu,3464-001,cmtondela@mail.telepac.pt,232811110,232811120,www.cm-tondela.pt,José António Gomes de Jesus,tondela.croa.pt,1
2817,Município Torre de Moncorvo,PT501121536,Largo do Castelo,Torre de Moncorvo,Bragança,5160-267,geral@cm-moncorvo.pt,279200220,279200240,www.cm-moncorvo.pt,Nuno Jorge Rodrigues Gonçalves,moncorvo.croa.pt,1
2818,Município Torres Novas,PT506608972,Rua General António de Vasconcelos Correia,Torres Novas,Santarém,2350-421,geral@cm-torresnovas.pt,249839400,249811780,www.cm-torresnovas.pt,Pedro Paulo Ramos Ferreira,torresnovas.croa.pt,1
2819,Município Torres Vedras,PT502173653,Avenida  5 de Outubro,Torres Vedras,Lisboa,2560-270,informatica@cm-tvedras.pt,261310400,261310401,www.cm-tvedras.pt,Carlos Manuel Soares Miguel,tvedras.croa.pt,1
2820,Município Trancoso,PT501143726,Praça do Município,Trancoso,Guarda,6420-107,geral@cm-trancoso.pt,271829120,271812189,www.cm-trancoso.pt,Amílcar José Nunes Salvador,trancoso.croa.pt,1
10154,Município Trofa,PT504296434,"Rua das Indústrias, N.º 393 (EN 14), Apartado 65",Trofa,Porto,4786-909,geral@mun-trofa.pt,252409290,252409299,www.mun-trofa.pt,Sérgio Humberto Pereira da Silva,trofa.croa.pt,1
2821,Município Vagos,PT506912833,Rua da Saudade,Vagos,Aveiro,3840-420,geral@cm-vagos.pt,234799600,234799610,www.cm-vagos.pt,Silvério Rodrigues Regalado,vagos.croa.pt,1
2822,Município Vale de Cambra,PT506735524,"Edifício Municipal, Av. Camilo Tavares de Matos, N.º 19",Vale de Cambra,Aveiro,3730-901,geral@cm-valedecambra.pt,256420510,256420519,www.cm-valedecambra.pt,José Alberto Freitas Soares Pinheiro e Silva,valedecambra.croa.pt,1
2823,Município Valença,PT506728897,Praça da República,Valença,Viana do Castelo,4930-702,informatica@cm-valenca.pt,251809500,251809519,www.cm-valenca.pt,Jorge Manuel Salgueiro Mendes,valenca.croa.pt,1
2824,Município Valongo,PT501138960,"Avenida 5 de Outubro, N.º 160",Valongo,Porto,4440-503,gabmunicipe@cm-valongo.pt,224227900,224226063,www.cm-valongo.pt,José Manuel Pereira Ribeiro,valongo.croa.pt,1
2825,Município Valpaços,PT506874320,Rua D.ª Maria do Carmo Carmona,Valpaços,Vila Real,5430-469,municipio@valpacos.pt,278710130,278711135,www.valpacos.pt,Amílcar Rodrigues Alves Castro de Almeida,valpacos.croa.pt,1
2826,Município Velas,PT512075506,Rua São João,Velas,Açores,9800-539,gabinetepresidencia.cmvelas@gmail.com,295412167,295412351,www.cm-velas.azoresdigital.pt,Luís Virgílio de Sousa da Silveira,velas.croa.pt,1
2827,Município Vendas Novas,PT501177256,Avenida da República,Vendas Novas,Évora,7080-099,gab.presidencia@cm-vendasnovas.pt,265807700,265892152,www.cm-vendasnovas.pt,Luís Carlos Piteira Dias,vendasnovas.croa.pt,1
2828,Município Viana do Alentejo,PT506151174,"Rua Brito Camacho, N.º 13",Viana do Alentejo,Évora,7090-237,camara@cm-vianadoalentejo.pt,266930010,266930019,www.cm-vianadoalentejo.pt,Bernardino António Bengalinha Pinto,vianadoalentejo.croa.pt,1
2829,Município Viana do Castelo,PT506037258,Passeio das Mordomas da Romaria,Viana do Castelo,Viana do Castelo,4904-877,cmviana@cm-viana-castelo.pt,258809300,258809347,www.cm-viana-castelo.pt,José Maria da Cunha Costa,vianadocastelo.croa.pt,1
2830,Município Vidigueira,PT501143734,Praça da República,Vidigueira,Beja,7960-225,geral@cm-vidigueira.pt,284437400,284436110,www.cm-vidigueira.pt,Manuel Luís da Rosa Marra,vidigueira.croa.pt,1
2831,Município Vieira do Minho,PT506659682,Praça Guilherme de Abreu,Vieira do Minho,Braga,4850-527,geral@cm-vminho.pt,253649270,253647856,www.cm-vminho.pt,António Cardoso Barbosa,vminho.croa.pt,1
2848,Município Vila de Rei,PT506932273,Praça Família Mattos Silva Neves,Vila de Rei,Castelo Branco,6110-174,geral@cm-viladerei.pt,274890010,274890018,www.cm-viladerei.pt,Ricardo Jorge Martins Aires,viladerei.croa.pt,1
2849,Município Vila do Bispo,PT506730573,Paços do Concelho,Vila do Bispo,Faro,8650-407,geral@cm-viladobispo.pt,282630600,282639208,www.cm-viladobispo.pt,Adelino Augusto da Rocha Soares,viladobispo.croa.pt,1
2850,Município Vila do Conde,PT505804786,Praça Vasco da Gama,Vila do Conde,Porto,4480-454,geral@cm-viladoconde.pt,252248400,252641853,www.cm-viladoconde.pt,Maria Elisa de Carvalho Ferraz,viladoconde.croa.pt,1
2851,Município Vila do Porto,PT512063770,Largo Nossa Senhora da Conceição,Vila do Porto,Açores,9580-539,geral@cm-viladoporto.pt,296820000,296820009,www.cm-viladoporto.pt,Carlos Henrique Lopes Rodrigues,viladoporto.croa.pt,1
2832,Município Vila Flor,PT506696464,Avenida Marechal Carmona,Vila Flor,Bragança,5360-303,presidente@cm-vilaflor.pt,278510100,278512380,www.cm-vilaflor.pt,Fernando Francisco Teixeira de Barros,vilaflor.croa.pt,1
2833,Município Vila Franca de Xira,PT506614913,"Praça Afonso de Albuquerque, N.º 2",Vila Franca de Xira,Lisboa,2600-093,presidencia@cm-vfxira.pt,263285600,263276002,www.cm-vfxira.pt,Alberto Simões Maia Mesquita,vfxira.croa.pt,1
2834,Município Vila Franca do Campo,PT512043701,Praça da República,Vila Franca do Campo,Açores,9680-115,geral@cmvfc.pt,296539100,296539109,www.cmvfc.pt,Ricardo Manuel de Amaral Rodrigues,cmvfc.croa.pt,1
2835,Município Vila Nova da Barquinha,PT506899250,Rua da República,Vila Nova da Barquinha,Santarém,2260-411,geral@cm-vnbarquinha.pt,249720350,249720368,www.cm-vnbarquinha.pt,Fernando Manuel dos Santos Freire,vnbarquinha.croa.pt,1
2836,Município Vila Nova de Cerveira,PT506896625,Praça do Município,Vila Nova de Cerveira,Viana do Castelo,4920-284,gap@cm-vncerveira.pt,251708020,251708022,www.cm-vncerveira.pt,João Fernando Brito Nogueira,vncerveira.croa.pt,1
2837,Município Vila Nova de Famalicão,PT506663264,Praça Álvaro Marques,Vila Nova de Famalicão,Braga,4764-502,camaramunicipal@vilanovadefamalicao.org,252320900,252323751,www.cm-vnfamalicao.pt,Paulo Alexandre Matos Cunha,vnfamalicao.croa.pt,1
2838,Município Vila Nova de Foz Côa,PT506829197,Praça do Município,Vila Nova de Foz Côa,Guarda,5150-642,correio@cm-fozcoa.pt,279760400,279768228,www.cm-fozcoa.pt,Gustavo de Sousa Duarte,fozcoa.croa.pt,1
2839,Município Vila Nova de Gaia,PT505335018,Rua Álvares Cabral,Vila Nova de Gaia,Porto,4400-017,geral@cm-gaia.pt,223742400,223752011,www.cm-gaia.pt,Eduardo Vitor Rodrigues,gaia.croa.pt,1
2840,Município Vila Nova de Paiva,PT506809323,"Praça D. Afonso Henriques, N.º 1",Vila Nova de Paiva,Viseu,3650-207,geral@cm-vnpaiva.pt,232609900,232609909,www.cm-vnpaiva.pt,José Morgado Ribeiro,vnpaiva.croa.pt,1
2841,Município Vila Nova de Poiares,PT505371600,Largo da República,Vila Nova de Poiares,Coimbra,3350-156,gti.poiares@mail.telepac.pt,239420850,239421800,www.cm-vilanovadepoiares.pt,João Miguel Sousa Henriques,vilanovadepoiares.croa.pt,1
2842,Município Vila Pouca de Aguiar,PT506810267,Rua Dr. Henrique Botelho,Vila Pouca de Aguiar,Vila Real,5450-027,contabilidade@cm-vpaguiar.pt,259419100,259419106,www.cm-vpaguiar.pt,António Alberto Pires Aguiar Machado,vpaguiar.croa.pt,1
2843,Município Vila Real,PT506359670,Avenida Carvalho Araújo,Vila Real,Vila Real,5000-651,geral@cm-vilareal.pt,259308100,259308161,www.cm-vilareal.pt,Rui Santos,vilareal.croa.pt,1
2844,Município Vila Real de Santo António,PT506833224,Praça Marquês de Pombal,Vila Real de Santo António,Faro,8900-231,geral@cm-vrsa.pt,281510000,281510003,www.cm-vrsa.pt,Luís Filipe Soromenho Gomes,vrsa.croa.pt,1
2845,Município Vila Velha de Ródão,PT506642798,"Edificio Paços Concelho, Rua de Santana",Vila Velha de Ródão,Castelo Branco,6030-230,geral@cm-vvrodao.pt,272540300,272540301,www.cm-vvrodao.pt,Luís Miguel Ferro Pereira,vvrodao.croa.pt,1
2846,Município Vila Verde,PT506641376,Praça do Município,Vila Verde,Braga,4730-733,geral@cm-vilaverde.pt,253310500,253312036,www.cm-vilaverde.pt,António Fernando Nogueira Cerqueira Vilela,vilaverde.croa.pt,1
2847,Município Vila Viçosa,PT506613461,Praça da República,Vila Viçosa,Évora,7160-207,geral@cm-vilavicosa.pt,268889310,268980604,www.cm-vilavicosa.pt,Manuel João Fontainhas Condenado,vilavicosa.croa.pt,1
2852,Município Vimioso,PT506627888,Praça Eduardo Coelho,Vimioso,Bragança,5230-315,gi.cmv@cm-vimioso.pt,273518120,273512510,www.cm-vimioso.pt,António Jorge Fidalgo Martins,vimioso.croa.pt,1
2853,Município Vinhais,PT501156003,"R. das Freiras, N.º 13",Vinhais,Bragança,5320-326,geral@cm-vinhais.pt,273770300,273771108,www.cm-vinhais.pt,Américo Jaime Afonso Pereira,vinhais.croa.pt,1
2854,Município Viseu,PT506697320,Praça da República,Viseu,Viseu,3514-501,geral@cmviseu.pt,232427427,232423112,www.cmviseu.pt,António Joaquim Almeida Henriques,viseu.croa.pt,1
10153,Município Vizela,PT505985217,Praça do Município n.º 522,Vizela,Braga,4815-013,geral@cm-vizela.pt,253489630,253489649,www.cm-vizela.pt,Dinis Manuel da Silva Costa,vizela.croa.pt,1
2855,Município Vouzela,PT506770664,Alameda D. Duarte de Almeida,Vouzela,Viseu,3670-250,geral@cm-vouzela.pt,232740740,232771513,www.cm-vouzela.pt,Rui Miguel Ladeira Pereira,vouzela.croa.pt,1
